{"flutter":{"platforms":{"android":{"default":{"projectId":"design-thinking-f9320","appId":"1:222534601104:android:d1e1f596253db3d5b6cb15","fileOutput":"android/app/google-services.json"}},"dart":{"lib/firebase_options.dart":{"projectId":"design-thinking-f9320","configurations":{"android":"1:222534601104:android:d1e1f596253db3d5b6cb15","ios":"1:222534601104:ios:c98a99bc6cd06bb2b6cb15","macos":"1:222534601104:ios:c98a99bc6cd06bb2b6cb15","web":"1:222534601104:web:1a875f8e9cb54cb1b6cb15","windows":"1:222534601104:web:99ec6aa28fda4a67b6cb15"}}}}}}